datagouvid,lannuaire_id
534fff4ea3a7292c64a77cae,gouvernement/etablissement-public_170766
534fff50a3a7292c64a77cc0,gouvernement/etablissement-public_165795
534fff5fa3a7292c64a77d49,gouvernement/etablissement-public_166147
534fff61a3a7292c64a77d59,autorites-independantes/autorite-administrative-independante_172156
534fff62a3a7292c64a77d5f,autorites-independantes/autorite-administrative-independante_172082
534fff63a3a7292c64a77d67,autorites-independantes/autorite-administrative-independante_172114
534fff75a3a7292c64a77de4,gouvernement/administration-centrale-ou-ministere_436106
534fff78a3a7292c64a77e02,gouvernement/etablissement-public_170268
534fff7fa3a7292c64a77e3f,gouvernement/etablissement-public_168425
534fff80a3a7292c64a77e54,gouvernement/etablissement-public_171107
534fff81a3a7292c64a77e5c,gouvernement/administration-centrale-ou-ministere_171839
534fff8ca3a7292c64a77edf,gouvernement/administration-centrale-ou-ministere_172214
534fff8da3a7292c64a77eee,gouvernement/administration-centrale-ou-ministere_172222
534fff8ea3a7292c64a77f02,gouvernement/administration-centrale-ou-ministere_172224
534fff8fa3a7292c64a77f22,gouvernement/administration-centrale-ou-ministere_172226
534fff8fa3a7292c64a77f3d,gouvernement/administration-centrale-ou-ministere_192685
534fff90a3a7292c64a77f45,gouvernement/administration-centrale-ou-ministere_172226
534fff91a3a7292c64a77f53,gouvernement/administration-centrale-ou-ministere_172232
534fff91a3a7292c64a77f73,gouvernement/administration-centrale-ou-ministere_172218
534fff92a3a7292c64a77f94,gouvernement/administration-centrale-ou-ministere_172220
534fff93a3a7292c64a77fa2,gouvernement/administration-centrale-ou-ministere_172234
534fff94a3a7292c64a77fb5,gouvernement/administration-centrale-ou-ministere_172212
534fff94a3a7292c64a77fc1,gouvernement/administration-centrale-ou-ministere_192696
534fff95a3a7292c64a77fd8,gouvernement/administration-centrale-ou-ministere_172238
534fff96a3a7292c64a77ff4,gouvernement/administration-centrale-ou-ministere_172240
534fff9ca3a7292c64a7803e,gouvernement/etablissement-public_167152
534fffa5a3a7292c64a7809e,gouvernement/administration-centrale-ou-ministere_172210
53698dada3a729239d20331d,institutions-juridictions/juridiction_171750
53d96c41a3a729019f37e2b1,occitanie/gard/chu-30189-01
54126af3a3a7292a9bbf14d6,gouvernement/administration-centrale-ou-ministere_171834
54d8f2a4c751df1df7467389,ile-de-france/hauts-de-seine/mairie-92012-01
552cc6bec751df224637dddb,auvergne-rhone-alpes/rhone/prefecture_region-69383-01
558a83dac751df039da453b9,hauts-de-france/somme/ddt-80021-01
55ad1ccb88ee3868d5d98334,gouvernement/administration-centrale-ou-ministere_170201
56544b5f88ee382b99e72048,gouvernement/etablissement-public_171363
5666a94388ee38239baf0bfe,occitanie/haute-garonne/service-local_172721
56bca517c751df265b9f9deb,gouvernement/etablissement-public_171698
56cc5bbf88ee385a02fa79cf,occitanie/haute-garonne/draf-31555-01
56e02813c751df1c1a1ffccd,gouvernement/etablissement-public_172033
57835da788ee3878b367b0c8,gouvernement/administration-centrale-ou-ministere_171897
57fe2a35c751df21e179df72,gouvernement/administration-centrale-ou-ministere_194230
5877b3b988ee38775fa6f717,occitanie/gard/sdis-30189-01
5899dc3688ee3879a39b81a4,bourgogne-franche-comte/doubs/draf-25056-01
58aec3c288ee385bdf5d8a01,nouvelle-aquitaine/dordogne/ddt-24322-01
58aedb7c88ee3801ec1afb7e,occitanie/gard/ddt-30189-01
58aeed5288ee381eee35f8ce,hauts-de-france/nord/ddt-59350-01
5a1d6373c751df4f4d7815e5,bretagne/ille-et-vilaine/mairie-35013-01
5a1d64a3c751df51a9440eae,bretagne/ille-et-vilaine/mairie-35013-01
5a65deb788ee38279c49d926,autorites-independantes/autorite-publique-independante_800145
5aaa439dc751df5dd457fc62,gouvernement/service-a-competence-nationale_170262
5ac49e2388ee3818c30036e4,autorites-independantes/autorite-administrative-independante_172188
5ace1523c751df62d01f8b2b,normandie/seine-maritime/dir_mer-76351-01
5b59876f88ee3872b8882a02,gouvernement/administration-centrale-ou-ministere_180500
5c812a16634f416583ed1876,gouvernement/etablissement-public_167247
5c90fe448b4c41487bbf949e,gouvernement/service-a-competence-nationale_170198
5c924c1c8b4c41159d78d937,bretagne/morbihan/cg-56260-01
5ce284728b4c415a86c1fa31,gouvernement/administration-centrale-ou-ministere_1142053
ministere-des-solidarites-et-de-la-sante,gouvernement/administration-centrale-ou-ministere_192696
ministere-du-travail-de-l-emploi-et-du-dialogue-social,gouvernement/administration-centrale-ou-ministere_172240
