datagouvid,Twitter_username
534fff4ca3a7292c64a77c95,ademe
534fff4fa3a7292c64a77cba,anap_sante
534fff58a3a7292c64a77cf6,Arcep
534fff59a3a7292c64a77cff,WorldBank
534fff5aa3a7292c64a77d09,laBnF
534fff5da3a7292c64a77d2a,Cap_Digital
534fff5ea3a7292c64a77d40,leCMN
534fff5fa3a7292c64a77d44,CentrePompidou
534fff5fa3a7292c64a77d49,LeCNC
534fff60a3a7292c64a77d55,citedelamusique
534fff61a3a7292c64a77d59,CNIL
534fff61a3a7292c64a77d59,CNIL_en
534fff63a3a7292c64a77d63,CNCDH
534fff65a3a7292c64a77d73,Grand_Nancy
534fff6aa3a7292c64a77d9c,csaudiovisuel
534fff6ca3a7292c64a77da6,crigepaca
534fff6ca3a7292c64a77da7,CroixRouge
534fff71a3a7292c64a77dcd,villa_arson
534fff73a3a7292c64a77dda,GrandPalaisRmn
534fff75a3a7292c64a77de4,Etalab
534fff76a3a7292c64a77ded,EU_Eurostat
534fff7aa3a7292c64a77e0c,grandlyon
534fff7ba3a7292c64a77e15,HAS_sante
534fff7ba3a7292c64a77e1b,InsidOpi
534fff7da3a7292c64a77e23,iauidf
534fff7fa3a7292c64a77e3a,Inria
534fff7fa3a7292c64a77e3c,IPPinfo
534fff80a3a7292c64a77e41,IGNFrance
534fff81a3a7292c64a77e5b,Inserm
534fff81a3a7292c64a77e5c,InseeFr
534fff81a3a7292c64a77e5c,InseeFr_News
534fff82a3a7292c64a77e82,Inrap
534fff83a3a7292c64a77e87,irdes
534fff85a3a7292c64a77e9a,groupekeolis
534fff85a3a7292c64a77e9c,lisalaposte
534fff88a3a7292c64a77eb2,longjumeau
534fff8aa3a7292c64a77ecd,Toulouse
534fff8ba3a7292c64a77ed2,mit
534fff8ba3a7292c64a77ed4,meteofrance
534fff8ca3a7292c64a77edf,Min_Agriculture
534fff8da3a7292c64a77eee,Min_Ecologie
534fff8ea3a7292c64a77f02,_Bercy_
534fff8fa3a7292c64a77f22,EducationFrance
534fff8fa3a7292c64a77f22,Jeunes_gouv
534fff90a3a7292c64a77f45,sup_recherche
534fff91a3a7292c64a77f53,Place_Beauvau
534fff91a3a7292c64a77f73,MinistereCC
534fff92a3a7292c64a77f94,Defense_gouv
534fff93a3a7292c64a77fa2,justice_gouv
534fff94a3a7292c64a77fb5,francediplo
534fff94a3a7292c64a77fb5,francediplo_EN
534fff94a3a7292c64a77fc1,MinSoliSante
534fff95a3a7292c64a77fd8,Sports_gouv
534fff96a3a7292c64a77ff4,Minist_Travail
534fff97a3a7292c64a7800b,MuseeGuimet
534fff98a3a7292c64a7800e,MuseeLouvre
534fff98a3a7292c64a78012,NantesMetropole
534fff9aa3a7292c64a78026,ondrp
534fff9ea3a7292c64a78049,OpenFoodFacts
534fff9ea3a7292c64a78049,OpenFoodFactsBr
534fff9ea3a7292c64a78049,OpenFoodFactsDe
534fff9ea3a7292c64a78049,OpenFoodFactsEs
534fff9ea3a7292c64a78049,OpenFoodFactsEU
534fff9ea3a7292c64a78049,OpenFoodFactsFr
534fff9ea3a7292c64a78049,OpenFoodFactsIt
534fff9ea3a7292c64a78049,OpenFoodFactsPl
534fff9ea3a7292c64a78049,OpenFoodFactsRu
534fff9fa3a7292c64a7805c,OCFrance
534fffa0a3a7292c64a78061,opendatasoft
534fffa0a3a7292c64a78061,opendatasoft_fr
534fffa0a3a7292c64a7806b,OSM_FR
534fffa2a3a7292c64a7808c,OuestFrance
534fffa6a3a7292c64a780b3,PSEinfo
534fffa6a3a7292c64a780b7,GroupeRATP
534fffb0a3a7292c64a78115,SNCF
534fffb2a3a7292c64a78125,TheatreOdeon
534fffb3a3a7292c64a78127,TisseoSMTC
534fffb3a3a7292c64a78129,TlseMetropole
534fffb4a3a7292c64a78130,UFCquechoisir
534fffb7a3a7292c64a78145,Issylesmoul
534fffb8a3a7292c64a78149,mairiedigne
534fffb9a3a7292c64a78159,nantesfr
534fffbaa3a7292c64a78163,Voxe
534fffbba3a7292c64a78168,WWF
53698dada3a729239d20331d,Courdescomptes
53806fe2a3a7297e4d35d6c6,villedelouviers
53807000a3a7297e4d35d6c8,Europarl_DE
53807000a3a7297e4d35d6c8,Europarl_EN
53807000a3a7297e4d35d6c8,Europarl_FR
53807000a3a7297e4d35d6c8,Europarl_IT
538346d6a3a72906c7ec5c36,AngersAgglo
539ef743a3a72946de9ebe28,IRSNFrance
539ef743a3a72946de9ebe28,suretenucleaire
539ef743a3a72946de9ebe28,radioprotection
53a3668fa3a7297d730b2f44,GrandArras
53a8b6eba3a72905b7ce595b,Senat
53a8b6eba3a72905b7ce595b,Senat_Direct
53ae7fb2a3a729709f56d4f0,HATVP
53ba4599a3a729219b7beaca,VilleSaintMalo
53fd1263a3a729390ba568a4,MetzMetropole
5415ff3aa3a72924e1b11655,Groupe_Renault
542314a888ee38334e5b9e2b,Tesla
543b8dd288ee3869dba42d04,sciencespo
5442d55bc751df4e9c0ecd23,Nouvelle_Donne
544a493dc751df2a739bbff8,i_montaigne
54884a24c751df7226a3fc16,VilledeVanves
548b19c6c751df1e6e4120e7,vdavray
5492db21c751df7a9c04805a,SaintMaloAgglo
5492ee28c751df24df04805b,AFD_France
549971c8c751df352b04805a,ville_sevres
54acf7fcc751df4851de6536,VilleLimoges87
54aea60ac751df44f6de6536,le_Parisien
54d89442c751df1245467389,VilledeMeudon
54d8f2a4c751df1df7467389,Ville_BoulogneB
54f461f8c751df0f88882844,Ifremer_fr
550c0162c751df5c49882844,pmaraispoitevin
551d00efc751df60500cd89f,anfr
552e97f3c751df636537dddb,CNOUS_CROUS
556852f4c751df6884e5726a,CNNum
55819607c751df7bdda453b9,AssembleeNat
55842c2bc751df66bba453b9,Le_Museum
559bd00cc751df0767390bd4,spiil
55ad1ccb88ee3868d5d98334,AgenceNumerique
55b8c85288ee3827203ca288,LorientAgglo
55c35aac88ee3810a9a46ec1,upemlv
55df259f88ee386e57a46ec2,regiongrandest
560d929ac751df40ef756894,enedis
5631e535c751df24cedcc3f1,starbusmetro
5631e535c751df24cedcc3f1,viteunbus
563a2cdf88ee385a94531575,CNES
563a2ec3c751df39a8dcc3f0,parcvosgesnord
564c87b288ee384585e72046,AEF_Groupe
564c87b288ee384585e72046,AEFeduc
564c87b288ee384585e72046,AEFsocial_RH
564c87b288ee384585e72046,AEFsuprecherche
5662c125c751df42e605bd61,A_Mogneneins
566ebe14c751df694bc664bc,AFNIC
56826fdfc751df5dddc664bc,orange
568e5e9488ee38033aaf0bf4,IDFmobilites
56bca517c751df265b9f9deb,Andra_France
56d08f1dc751df01c0abb90c,Wikimedia_Fr
56d5a6d4c751df360dabb90c,villedetours
56f29287c751df64bbe0c712,oxfamfrance
5733038988ee38472ed1b934,VilledeGrenoble
575ed203c751df0e66ac31a1,change
575fc7f0c751df0e1dac31a0,smtc_grenoble
57835da788ee3878b367b0c8,dgccrf
578669c3c751df3308127787,Fondapol
578ed8c888ee3815ad7d97c2,democratech
579f098ac751df6033bb5dd5,Inra_France
57c8385bc751df0ea997bae5,villedemassy
57c94d4c88ee380a5eb627a9,anticorruption
57ea3e8b88ee3877235ff490,MairiedeNoe
57ed2fe9c751df236179df72,OrleansMetropol
57fe0dfac751df15a779df72,Ina_audiovisuel
57fe0dfac751df15a779df72,Ina_GRM
57fe0dfac751df15a779df72,Inafr_officiel
57fe0dfac751df15a779df72,InaGlobal
57fe0dfac751df15a779df72,InaPremium
57fe2a35c751df21e179df72,_DINSIC
580735be88ee3814295ff490,metropolerennes
580e1e1388ee385e8e13e4cb,Agglo_RT78
5847cb5cc751df5d58c0bb7e,Montpellier3m
584ed32c88ee38733fc65bb3,VilledePlerin
5857b68b88ee3847e5c65bb3,Institut_cancer
58651df488ee381b723f4e5d,VilleMelun
58651e4c88ee380f033f4e5f,VilleMelun
5877b3b988ee38775fa6f717,pompiersdugard
587cebc488ee3805cb9b81a4,villedebeauvais
58b3e7e588ee3814c598d150,eurelien
58c02989c751df45701e6bff,univ_paris13
58c5a537c751df2fb0fde3c9,AggloVGP
58d53c4688ee380aeea5e932,VilleDeBayonne
58f5d64788ee3847b91e4f32,VilleLePradet
5912ddcac751df1c0de5387b,Mairie_Niort
59133d14c751df2fa69bfb86,grandparissud
595254f888ee384d9d265130,AggloLTC
59aea226c751df38f3f6834b,MetropoleNCA
59d6526ac751df274a175d35,VilledeLanester
59e05c6588ee386ef4f4f86d,VilledeLorient
59e4ade488ee38366b2f58ab,GroupeBPCE
59ef6c11c751df71fba5064a,enmarchefr
59f0335ac751df2a1a48b301,Le_Figaro
5a0467d188ee38711f65672c,MetropoleRouenN
5a09abfc88ee3842e9e22010,Injep
5a1151a5c751df777d191778,UBO_UnivBrest
5a153f5688ee3829e2fbf39f,Occitanie
5a210bc888ee382bed1f31db,VilledeNancy
5a2ea65288ee38555f6d9710,villedeguerande
5a61b7a7c751df3fd36ac81a,VILLE_ASNIERES
5a99c5f5c751df27c9d49555,lescoevrons
5aaa439dc751df5dd457fc62,ANSSI_FR
5acb2f2088ee3813a476714d,StBrieucAgglo
5b0d11f688ee382af4b18c95,BxMetro
5b17dbeb88ee3869a59ebdca,VilleAnglet
5b18fb70c751df1da631a2da,MontfortComCom
5b1a43a7c751df3302ce52c0,APHP
5b326492c751df255f694244,Dammarie_LesLys
5b3cbbffc751df3c1b33c72a,lavoixdunord
5b59876f88ee3872b8882a02,DGEntreprises
5b9774b28b4c4125375bb352,Savigny_Off_91
5b9a00938b4c41453e8a406b,Caenlamer
5b9f70f18b4c4101942a27ff,BlaBlaCar
5b9f70f18b4c4101942a27ff,BlaBlaCar_FR
5bb3295a8b4c411c6f04d8d4,PompidouMetz
5bb32d078b4c412462c28955,sqy
5bb5e21e8b4c413aa3564be6,fioulmarket
5bbb468a634f411ba2f013f0,CentraleLyon
5bc4921f8b4c416a683d003f,LavalAgglo
5bc492e98b4c416a8c0358ba,LavalAgglo
5bd0413f634f4138bf48083f,Sorbonne_Univ_
5bd3012d634f4136fdd17bd1,sartrouville78
5be05903634f4138316458c7,PnCevennes
5be53f55634f4119ca26ec72,roubaix
5bee9ef0634f412f783aefc6,ville_carrieres
5bf67a998b4c417eae692920,Chateauroux36
5bf88b3a8b4c4151badafa03,PnEcrins
5c19d0088b4c4161d0e39baa,VilleTremblay
5c1bb6bf634f416b25009c88,dieppemaritime
5c349cf48b4c410fe31f6636,CA_SGBS78
5c40559d8b4c4151b275a7b0,MRambouillet
5c45e8b5634f41177eb039d3,mercantour
5c505279634f410b1e68525d,ICT_Toulouse
5c5806bf8b4c411b8bccdfe2,Institut_cancer
5c63f6fa634f416d3e1f4285,helloasso
5c6c12f9634f417e446094ca,Cmontsoreau
5c7510c18b4c417f11742baf,VilledeNice
5c77e743634f41206bdf2475,lacimade
5c812a16634f416583ed1876,CeremaDCDC
5c90d6b3634f41513909d0d0,UnivLaRochelle
5c9e2bfb634f41255724d4ca,VilledeChatou
5ca6f5e38b4c410fcd663cfa,vdavray
5cadb863634f41514da8fa0c,PrivasCentreArd
5cb483608b4c412cbb008995,CercylaTour
5cb5e7a58b4c410a5f85575a,cfpmfrance
5cdc1f71634f414a8ac48905,CA_BaiedeSomme
5cded8a08b4c410fa0e00db4,libe
5cdef0e38b4c4161910cbd8d,OUIBUS
centre-des-monuments-nationaux,leCMN
commission-nationale-consultative-des-droits-de-l-homme,CNCDH
conseil-constitutionnel,Conseil_constit
conseil-departemental-de-savoie,SavoieDepart
conseil-general-de-la-gironde,gironde
conseil-general-de-loir-et-cher,Departement41
conseil-regional-nord-pas-de-calais,hautsdefrance
croix-rouge-francaise,CroixRouge
data-gouv-fr,datagouvfr
departement-de-la-vienne,departement86
departement-de-loire-atlantique,loireatlantique
departement-des-cotes-darmor,cotesdarmor22
departement-du-loiret,leloiret
eurostat,EU_Eurostat
haute-autorite-de-sante-has,HAS_sante
iau-idf,iauidf
institut-de-radioprotection-et-de-surete-nucleaire-irsn,IRSNFrance
institut-de-radioprotection-et-de-surete-nucleaire-irsn,suretenucleaire
institut-de-radioprotection-et-de-surete-nucleaire-irsn,radioprotection
institut-national-de-la-jeunesse-et-de-leducation-populaire,Injep
irdes-ecosante-fr-institut-de-recherche-et-documentation-en-economie-de-la-sante,irdes
metropole-europeenne-de-lille,MEL_Lille
ministere-des-solidarites-et-de-la-sante,MinSoliSante
ministere-du-travail-de-l-emploi-et-du-dialogue-social,Minist_Travail
mogneneins,A_Mogneneins
museum-national-dhistoire-naturelle,Le_Museum
observatoire-national-de-la-delinquance-et-des-reponses-penales-ondrp,ondrp
open-food-facts,OpenFoodFacts
open-food-facts,OpenFoodFactsBr
open-food-facts,OpenFoodFactsDe
open-food-facts,OpenFoodFactsEs
open-food-facts,OpenFoodFactsEU
open-food-facts,OpenFoodFactsFr
open-food-facts,OpenFoodFactsIt
open-food-facts,OpenFoodFactsPl
open-food-facts,OpenFoodFactsRu
openclassrooms,OCFrance
openstreetmap,OSM_FR
region-alsace,Alsace
region-bretagne-1,regionbretagne
region-des-pays-de-la-loire,paysdelaloire
region-normandie,RegionNormandie
region-provence-alpes-cote-d-azur-mv2,regionpaca
seine-saint-denis-le-departement,seinesaintdenis
sncf,SNCF
ville-de-marseille,marseille
